date,ddpg,td3,ppo,sac,mean var,dji
2023-10-02,1000000.0,1000000.0,1000000.0,1000000.0,1005879.1853290641,1000000.0
2023-10-03,998158.4506126405,997045.0219221116,999264.4471633966,999217.6036728971,992916.4479185762,987109.4988653967
2023-10-04,998896.4456092836,997997.9978616717,999896.551310972,999493.8752569923,998144.2110465097,990913.2418064018
2023-10-05,997054.9806823734,1000577.0240053178,1000018.893724487,999536.9289781168,1000998.1704450569,990614.7234621866
2023-10-06,1006415.8119361881,1015024.3572526781,1002739.6955455851,1001425.415222143,1008246.0380360715,999229.1099666804
2023-10-09,1009117.4033481602,1021412.6174033053,1004094.9415845657,1002904.2948276463,1013787.0771242334,1005123.5328495194
2023-10-10,1014825.2791538242,1023845.8768836443,1004664.2547135731,1004218.8440097714,1015669.6571826828,1009151.0185025292
2023-10-11,1015809.5482003788,1024744.0262546312,1007700.8485962978,1005370.9683933564,1017585.7201834822,1011112.2431310988
2023-10-12,1009943.7533700565,1021740.3659863779,1006315.9239797627,1002476.3745077709,1015058.6998576899,1005915.9208770996
2023-10-13,1009363.901990662,1021436.6140866587,1007171.6785008542,1002148.8162580322,1020639.1945137476,1007086.860542745
2023-10-16,1021527.8937356571,1028261.3837170908,1011238.2043510264,1006871.8776486707,1025354.3636204764,1016486.1575115977
2023-10-17,1026268.0515267948,1028265.0465512583,1010839.9400219134,1006744.6684233767,1022135.3001132895,1016878.2622330013
2023-10-18,1005336.0020272831,1012434.3286404917,1005741.3721556279,1000464.2842577446,1016968.5230688042,1006931.0000843563
2023-10-19,997364.3580148319,1005326.1171078989,1001468.3858762833,995377.221668742,1011372.3916229707,999426.3306966354
2023-10-20,983383.2093331913,997615.7713361094,992627.8142367587,989285.245938241,1003890.2271057565,990845.3595527856
2023-10-23,978003.5278909305,993661.9351468394,990128.0163970677,985480.9980335091,999350.3214894214,985136.3568704436
2023-10-24,989807.3462503055,1001714.8167691538,995819.3276388089,989416.9990586976,1003618.8325120558,991267.0240162974
2023-10-25,976855.5903909305,1000154.2946057627,991269.5623928772,986553.1970751197,1002250.9003855801,988113.0112170458
2023-10-26,965971.6221902469,987854.0421490977,982700.7545318905,980982.7080163028,990642.1741918209,980586.7269981392
2023-10-27,957981.5969522098,981068.1582913706,974596.8931395947,970423.1603113124,987881.8463134383,969618.3101221203
2023-10-30,973426.9560830692,994687.3147244761,988037.926774822,986630.90639902,1000817.5521127116,984913.5488538414
2023-10-31,972749.4534280399,996549.468090565,993956.8104468687,989536.3385147216,1007677.4816874589,988619.7329621969
2023-11-01,980728.889905701,1005264.1478925059,999379.0785555493,997442.8347119605,1013302.3861440206,995251.0463330848
2023-11-02,1002722.113935242,1020155.1067090342,1016979.8661417386,1015079.3580884254,1029750.4845142118,1012135.3840862033
2023-11-03,1010135.3721749882,1024125.816250355,1025311.3701433865,1025319.93205922,1026801.4531455396,1018782.704115861
2023-11-06,1008471.5770242313,1025626.256283314,1027683.5281565588,1025039.660689286,1032357.9083656815,1019815.7762096185
2023-11-07,1011219.8859078983,1029513.5024762461,1030649.9104161565,1026078.8212003028,1039237.6877131457,1021512.949386945
2023-11-08,1008676.5211923221,1029428.0285535166,1030029.3196555898,1026065.8607472694,1040055.9953369552,1020306.6081329249
2023-11-09,1002168.0826699833,1026363.0326581309,1026017.3566674459,1020425.8948468482,1033566.9119676705,1013716.5381966782
2023-11-10,1016722.3964669803,1038271.2688947031,1039293.181194801,1032803.3865994727,1045743.9984044118,1025416.2373883302
2023-11-13,1016365.8832681278,1042281.6771741221,1038988.8792490022,1036815.7703694617,1043247.4059183061,1027054.4079183657
2023-11-14,1036013.7157266239,1053036.3534894297,1050638.6026008755,1053297.2156628883,1057533.1246410806,1041705.2910068983
2023-11-15,1043254.1654794315,1056810.8793530772,1054552.0451841657,1057892.0360707557,1060739.775530919,1046595.9678642374
2023-11-16,1043105.5172402958,1058999.7484402964,1058842.5010840872,1059452.2461385047,1059632.135299462,1045227.807468637
2023-11-17,1049414.7360055547,1057411.1530499766,1057325.7104795224,1059918.7811345374,1057375.0550161921,1045282.0198019894
2023-11-20,1053315.4928262334,1067074.5958676646,1064321.6240562666,1068476.8402852332,1061934.653903554,1051376.4675009914
2023-11-21,1050733.1889779668,1067146.9346204111,1061176.2083686825,1065401.852232865,1062261.1664727752,1049499.5991325092
2023-11-22,1053172.2783334355,1071028.143871815,1069601.5156105878,1072302.8872365272,1068489.0302284101,1055025.2846790105
2023-11-24,1056763.0044076543,1074753.7710995981,1072946.423515598,1075553.8192738807,1070408.1808273501,1058528.2893742193
2023-11-27,1056743.738157044,1072264.195698292,1071995.2278745382,1073745.1934994971,1068231.2770338107,1056832.985587698
2023-11-28,1059859.9096810918,1073177.3912549326,1075801.102064098,1076681.3539304053,1069620.5875574008,1059330.8422143029
2023-11-29,1068955.472745667,1074328.2699704478,1073351.679927488,1079896.3165082252,1063569.5658687314,1059732.8780743591
2023-11-30,1091661.5542428594,1097227.0927777598,1087654.675059671,1097877.7515439307,1078595.3322762873,1075300.2300051714
2023-12-01,1107470.9789102178,1104855.4514584849,1089636.7795329033,1108850.09769719,1083726.1717651384,1084112.0709134708
2023-12-04,1101049.1454599004,1099533.264309437,1087496.0823752915,1107968.386998803,1084096.2778415517,1082883.9979913395
2023-12-05,1097855.9721200566,1102215.8368115732,1086467.9018060472,1103928.131589356,1091828.9599938,1080494.6828683652
2023-12-06,1094601.9999520879,1099884.1267667124,1081271.8797443216,1102893.0927761046,1090376.7161729543,1078397.109547937
2023-12-07,1097886.7006509404,1102061.9180875132,1084560.6040359132,1105498.7196435267,1092128.6885793135,1080279.9365996108
2023-12-08,1100678.7800119023,1108535.826305897,1086963.6977162836,1113051.894175921,1094007.431543341,1084182.9909271454
2023-12-11,1111236.970365296,1107342.3871732065,1086919.6886147459,1117864.807342736,1092139.3107469622,1088880.6531838414
2023-12-12,1120253.4537026982,1112382.1561551401,1093886.150181438,1123447.2297308128,1098609.6603158657,1094055.47744358
2023-12-13,1133798.2894265752,1123463.7868695566,1103981.656415056,1139516.7850420158,1116371.2840583522,1109378.4065266042
2023-12-14,1149460.015638123,1124786.8404965708,1099068.1505922792,1149591.3855726402,1108965.9320511261,1114107.6147531387
2023-12-15,1155414.1258370976,1128404.8869138071,1103293.65256237,1153120.6012804192,1106888.4496878758,1115806.7741581958
2023-12-18,1159651.1554849248,1126182.3919263193,1105334.3729460218,1150918.902094094,1102575.7015588167,1115832.478281768
2023-12-19,1171056.0567910771,1132778.5474820444,1110580.6548075178,1159897.1512357872,1104594.6525470032,1123366.9410854476
2023-12-20,1154333.4895761113,1117041.8580899546,1095493.1772072923,1145059.2302496117,1092117.470698168,1109131.9974510856
2023-12-21,1168781.9390542607,1127155.1149716685,1106306.8759307573,1155309.277925698,1097033.2792405454,1118773.6142030705
2023-12-22,1160215.2351968389,1127124.3792767832,1108183.8541564844,1154063.7081014793,1096815.00678174,1118223.779632473
2023-12-26,1169722.7400033574,1131522.2241330454,1111515.4699422128,1158954.943487374,1096810.1647694057,1122990.2588381877
2023-12-27,1173850.9750802617,1133508.1275754282,1114806.6199927633,1162543.5674554985,1099541.1822175924,1126316.0219176724
2023-12-28,1175822.749067078,1134851.7088208506,1117934.739104328,1164174.6418783348,1101587.4468339155,1127918.674022408
2023-12-29,1172862.2921731572,1133903.586208851,1119227.2643093124,1163653.7588979881,1100728.08417847,1127303.644447477
2024-01-02,1164486.229902039,1130982.9593167612,1118648.2924291857,1162823.9160368126,1098716.0591846164,1128066.3558960236
2024-01-03,1147238.134931336,1123456.133022816,1112720.4503362805,1151554.3734342735,1092984.6241319636,1119546.4904641206
2024-01-04,1149534.131665955,1124005.203045399,1113106.820877836,1153432.632003991,1090701.8940605216,1119850.032796125
2024-01-05,1152451.9154641728,1124727.0051694224,1111725.7171424197,1155801.2117845695,1086360.311981714,1120620.805992519
2024-01-08,1165413.3212258916,1128251.7781644175,1116727.7089330193,1157177.7875501793,1098903.1617472535,1127108.4099452526
2024-01-09,1161779.6426217656,1127810.1141858408,1113885.1683028352,1150828.9342157524,1098500.1505537017,1122387.029792715
2024-01-10,1164932.27222992,1133287.0067258189,1119343.4386652543,1155719.8940794151,1109160.7496095072,1127488.8309741232
2024-01-11,1169603.800214539,1133659.6756558726,1121355.421732704,1155150.2400381248,1109185.3982023285,1127946.1306998602
2024-01-12,1164603.1518228154,1127162.4845013926,1115129.197870277,1149937.1908952873,1099336.3427475332,1124415.552490274
2024-01-16,1154818.513898621,1116905.0863309214,1112023.4922612074,1139639.2968313377,1095643.9684782356,1117480.5799504565
2024-01-17,1148551.35476471,1114987.9747357676,1112390.7406911333,1137158.326862542,1095658.9714559736,1114655.5799329309
2024-01-18,1155840.2581613164,1124221.853535206,1116849.3973363587,1143904.8077261131,1103936.3052034345,1120695.5816247298
2024-01-19,1172343.0457131963,1131060.992901356,1129772.4720593966,1157569.820018975,1107384.1965732048,1132515.856523321
2024-01-22,1175142.5556161504,1137940.3918271372,1135885.7695330638,1162317.8464395683,1111661.6517783462,1136643.7050951882
2024-01-23,1168692.1682107549,1131085.132832081,1137491.965044111,1156821.181619851,1112158.7697966173,1133761.571821177
2024-01-24,1166297.1953866582,1130416.984432728,1138071.712435804,1155601.125728814,1106564.8708567668,1130798.7042317633
2024-01-25,1183010.4137704473,1127824.1145291636,1137412.1195620478,1159430.7394086998,1098035.6119146016,1138059.0676086214
2024-01-26,1185351.6854531865,1130111.6458707163,1149517.0409393364,1164055.142662255,1101563.2705739287,1139862.6792249226
2024-01-29,1199227.6403176885,1140367.5675244639,1156114.199277372,1171269.6992284935,1103646.9136753315,1146563.160055605
2024-01-30,1208217.16927887,1137479.4914288828,1160493.5103626763,1175014.1649191063,1100662.6022246522,1150566.927812773
2024-01-31,1187923.6125924687,1130923.8620648691,1146763.1601764103,1168447.0421106499,1094682.8034993391,1141085.1439746378
2024-02-01,1197366.2773263555,1140723.5523190806,1152337.9036557882,1178910.134334771,1106817.8885475053,1152138.150784595
2024-02-02,1203744.4017922978,1145810.668316395,1163822.2904073827,1185280.6339494865,1105696.0546903827,1156163.5333729486
2024-02-05,1203629.0619638066,1140802.328800709,1152957.8311366574,1175766.8600504082,1097295.3875898793,1147959.1276394338
2024-02-06,1207197.8364846807,1149016.4129910776,1157599.504740364,1179337.206781594,1104555.2565440414,1152183.600348548
2024-02-07,1215177.3828866582,1159289.101505787,1172714.3807699392,1184818.3934652489,1114512.4622444548,1156849.5997984796
2024-02-08,1214380.756665955,1159918.2291760752,1175946.977834049,1187290.10712835,1115177.3767298667,1158314.267494402
2024-02-09,1213794.5777261357,1158916.947498829,1182304.832198139,1185376.2337839287,1113697.0888141561,1156680.0694198275
2024-02-12,1218610.9773995976,1157748.643078358,1179182.3898113135,1190308.6585733574,1112387.3848895724,1160439.4143292075
2024-02-13,1200049.3943917851,1143600.173809559,1165737.815194126,1170852.4509031456,1101780.9410762691,1144747.6310729205
2024-02-14,1213833.3459603887,1149948.1783490488,1171192.7676598928,1175387.650331704,1101931.5724893813,1149279.6185695
2024-02-15,1227851.7086007695,1158774.134998829,1176555.479189121,1187594.301635949,1108213.7821420468,1159713.8570229157
2024-02-16,1219770.5006539922,1153754.0179562876,1172282.280724918,1182789.0971452873,1107064.2822528116,1155372.8978992489
2024-02-20,1213022.538648377,1147015.3984799692,1172413.4209926794,1178713.6133348625,1107683.6977512292,1153453.0335422454
2024-02-21,1215512.8614480596,1147784.5873990366,1171188.0794485318,1179822.664015023,1110223.4419572826,1154901.811416323
2024-02-22,1234549.2644631963,1164556.0637708018,1188083.280469461,1193653.3450014275,1124247.830273965,1168566.9413658564
2024-02-23,1236791.882322083,1165093.9605450938,1186608.0599979875,1195712.4292528313,1123373.492436909,1170433.9954326109
2024-02-26,1241869.9389016728,1164219.922878773,1183963.113347551,1194099.1791231316,1121181.497198933,1168570.5633105417
2024-02-27,1242462.7963388066,1162262.197498829,1181604.071360544,1191186.3898679893,1117198.1011951652,1165674.6432793415
2024-02-28,1244090.391660462,1160412.3580518076,1176454.5071747643,1193340.1119234245,1109234.9349864947,1164975.0237704723
2024-02-29,1255910.1335733037,1163769.835064442,1180540.984402601,1193703.134887902,1105175.5371946474,1166391.9051639352
2024-03-01,1262234.1372811894,1166238.9267010996,1178777.215546888,1195906.4827539604,1104033.041971852,1169113.3876656191
2024-03-04,1261268.2975137334,1158017.2605328867,1174679.9049834153,1194561.2106935661,1090073.7341505273,1166195.6191293828
2024-03-05,1242691.9167306523,1139401.061512501,1156740.6899094826,1182209.0340730827,1076869.6399569828,1154092.832545346
2024-03-06,1252467.297254334,1140317.7403989146,1157683.341273729,1184482.7333948296,1077309.0459598165,1156361.8056352318
2024-03-07,1258368.5144631963,1146160.0570798228,1170575.7301199166,1189429.5064260643,1078619.4220237152,1160259.1349534253
2024-03-08,1260054.1129739385,1146429.8167615244,1166956.7265738428,1186439.4884454887,1079424.4149497566,1158205.4923169208
2024-03-11,1258494.5375497441,1150216.6842847178,1169372.7447451684,1185364.1635324638,1089837.8410824444,1159610.3395070743
2024-03-12,1266904.8413674932,1157007.8620953867,1182723.5564588984,1190521.8543970268,1094492.6316742604,1166664.018363026
2024-03-13,1273981.8589761357,1157308.1546979258,1184025.541063608,1192257.432972161,1088482.1091224158,1167795.5839848355
2024-03-14,1265958.5980203252,1159221.7306943247,1189574.4915665986,1187944.6226408165,1088981.3132865485,1163678.1338993225
2024-03-15,1261747.7999398808,1153918.673054249,1180158.309840986,1182821.0718443077,1085420.3562475601,1157968.5470323537
2024-03-18,1273074.5361306767,1157187.4151883433,1182822.2512100905,1184086.219326226,1084762.7779304874,1160231.5614390478
2024-03-19,1279985.7821023564,1164998.6120114634,1193146.46379541,1194508.8374044579,1099167.7981593967,1169812.7735006376
2024-03-20,1296129.7815225224,1176789.0629163096,1206728.4676444395,1208792.021431176,1108934.0279470473,1181817.767578174
2024-03-21,1307198.5192849736,1179130.9763226816,1211772.6653180388,1221704.6650831383,1104284.2821955937,1189870.869493388
2024-03-22,1288344.1590402226,1172212.8509717295,1204584.0227559449,1211646.7655183952,1099040.7641776172,1180734.105095749
2024-03-25,1279886.5038278203,1167674.9599347422,1197585.7717753083,1207543.8528024834,1088128.331094651,1175880.9328914406
2024-03-26,1278954.0135324101,1167054.9186139414,1197773.903481546,1206236.2121126335,1087607.9316682485,1174944.3680980047
2024-03-27,1292044.5911843877,1177200.4635052988,1206637.5317125947,1221539.3311769646,1100143.128331524,1189233.9914134208
2024-03-28,1294940.7663400273,1179760.050800831,1207859.8689255007,1223798.2229883354,1096050.484865044,1190648.5360683766
2024-04-01,1292834.9321725469,1177693.1158948252,1205319.9072019213,1215722.1666528862,1079989.5648870764,1183454.536065105
2024-04-02,1289077.513547669,1163945.5737958262,1185063.4351103646,1201726.0801031273,1054739.4790533797,1171591.7325256942
2024-04-03,1291959.7676980596,1162984.9821057627,1184763.4631712777,1202368.5016176384,1053741.972241036,1170302.6707285412
2024-04-04,1268084.928403626,1147063.1595197031,1172287.4604857308,1184875.388996331,1044614.4819458239,1154445.4463859885
2024-04-05,1285802.79818512,1159428.8558774302,1184918.0826056344,1194424.029627053,1046354.6478903698,1163629.6465753112
2024-04-08,1284859.0882547002,1154629.8936505625,1185134.2541525704,1194196.6622450035,1047492.9797976166,1163293.50674114
2024-04-09,1283058.013334046,1156832.5426678965,1180732.2692435128,1192493.8199464958,1051742.979446942,1163020.4588466466
2024-04-10,1272126.567426453,1145223.7212872813,1169073.6835234505,1177496.740652291,1036649.9072395645,1150393.541815585
2024-04-11,1276689.5575082402,1145576.6561780283,1168932.3491118294,1175377.055975167,1040262.8681685079,1150320.7524111052
2024-04-12,1256238.124067078,1133017.5047650645,1158323.8357642037,1159997.3286325615,1037142.7956121453,1136088.262352175
2024-04-15,1236945.0312020879,1118660.249012501,1153105.3290732247,1155097.9529230278,1029371.10441996,1128666.6640183632
2024-04-16,1233372.5293557744,1124848.3181348154,1164676.5388243538,1159211.8761140984,1034945.2187484239,1130576.7140736384
2024-04-17,1231927.7507302861,1126223.2298779795,1156541.9470236641,1159346.60246679,1039042.1153976218,1129211.00725347
2024-04-18,1229961.5284097295,1126717.1293607065,1157965.9672797066,1160162.895315377,1044691.8746831832,1129871.1358815779
2024-04-19,1241269.213697205,1127475.5137067148,1170741.0544455391,1168186.9535619896,1048443.1415513663,1136182.783424766
2024-04-22,1252263.9421365361,1129191.194286854,1172839.8874457222,1177059.6155740898,1048096.9444178818,1143767.486106337
2024-04-23,1265838.594632874,1135493.75696233,1183587.2435400826,1186081.3221895378,1048582.6133445094,1151655.1469352855
2024-04-24,1266613.1775643926,1134333.9259686777,1185732.0800459725,1183473.7741701286,1049671.5765680908,1150375.8994398606
2024-04-25,1244157.3972146611,1122042.7071042368,1178145.036012922,1169042.6787225883,1054098.8769520333,1139155.9326636086
2024-04-26,1245625.0927484136,1127709.656498463,1184317.740352903,1175490.0913450401,1055274.7615924126,1143757.90547846
2024-04-29,1251681.767553101,1130220.052212269,1181738.8771899086,1182027.012125222,1058741.481375034,1148137.654461336
2024-04-30,1229759.290021668,1108874.9354367564,1159991.1860678536,1163270.3361169975,1046432.8842166695,1131083.7863295658
2024-05-01,1226379.813344727,1115684.5391278574,1163427.0232775551,1165937.5564329308,1043725.2247683929,1133696.96100147
2024-05-02,1231811.748601685,1126518.4306378672,1175055.7746491793,1177891.4518415611,1057203.5907896338,1143339.1619380815
2024-05-03,1234484.9536492925,1135797.4052701304,1185215.176050699,1193338.2069093864,1077757.6574938542,1156799.3599205883
2024-05-06,1245744.1086557012,1142791.8050122568,1198143.2027498127,1199037.8941785973,1076141.7143009878,1162081.2068039284
2024-05-07,1252149.1244104009,1142796.3002515147,1196143.2375779988,1198053.2995016258,1081309.1405156557,1163038.1012223714
2024-05-08,1258654.9351403813,1147107.8251004526,1201240.4999032856,1205188.9621737679,1082288.6511863703,1168186.5203369856
2024-05-09,1267334.9652764897,1153860.496227772,1210766.7796426655,1216873.7116358955,1093503.8275922253,1178097.9135495548
2024-05-10,1276101.0535104375,1159151.8891644785,1217606.0728257291,1220497.4990054825,1097651.5366474641,1181839.0318985838
2024-05-13,1277984.1997201543,1161891.5146451304,1212671.5996875989,1217194.5395976761,1096043.3644879982,1179406.4871132376
2024-05-14,1281555.9603936772,1164951.8315320322,1220529.6982647397,1222923.844470189,1097391.1050059735,1183193.0550262192
2024-05-15,1295100.620755921,1176963.8168073008,1228248.5624722403,1234103.9689246872,1111776.1355228522,1193658.3721017723
2024-05-16,1290081.9448678594,1177354.5380826304,1232342.8987950247,1234142.2440940598,1115022.2951924454,1192503.2054210466
2024-05-17,1296973.7028634648,1182118.1219601939,1235777.3424748343,1239002.73338391,1118246.9312115288,1196517.488501494
2024-05-20,1292773.397542725,1182717.5176968882,1231884.240494625,1235485.400006072,1109222.859426808,1190630.543181876
2024-05-21,1287955.099370728,1180680.184986622,1240887.321131603,1238514.9672401112,1113568.1271823428,1192611.1627400501
2024-05-22,1281072.4583642583,1180300.3812108347,1237303.122396366,1231054.1955459279,1106543.7996877725,1186570.8105374754
2024-05-23,1262782.4755761723,1160101.0508961985,1220884.0087012213,1209833.6887176197,1091197.575040726,1168451.8569944075
2024-05-24,1262620.1974465947,1155056.2698560068,1225330.1974629324,1210268.1965987843,1090150.7037654496,1168581.3123076719
2024-05-28,1254753.5324151616,1146335.1140866587,1219727.9401825827,1203776.1405952137,1085704.8336019232,1162098.849179653
2024-05-29,1243792.042844544,1132554.438931019,1206715.272751705,1189465.6202514332,1071227.2020263765,1149796.154616379
2024-05-30,1215084.1570413213,1108072.9201855967,1195358.020974056,1178150.6273086232,1073954.5224853263,1139924.0186107203
2024-05-31,1235547.9155938725,1126531.4383168528,1209895.8484705847,1197945.6568038624,1091933.02816465,1157117.6237051839
2024-06-03,1227590.0064981084,1128551.4954572031,1203719.0059346121,1195361.9140136403,1092815.2091216282,1153669.2986910292
2024-06-04,1227200.651738892,1133278.7703748057,1210605.9524868887,1199990.9951598805,1100751.1354487685,1157864.4453318857
2024-06-05,1228861.3085610967,1136572.1235127756,1214690.244064228,1204236.8376205128,1103360.0005061456,1160736.9979780202
2024-06-06,1232684.5632913213,1139667.084091694,1214126.2535742682,1204999.7098930043,1102433.9853566897,1163095.234478857
2024-06-07,1237516.3743875127,1138057.8417325327,1210343.1890820425,1200839.4462783497,1093675.408543634,1160487.551142443
2024-06-10,1236047.9058892827,1139098.2856908152,1215348.1863173407,1203254.3164146107,1094232.3486831258,1162552.8774714805
2024-06-11,1224042.5002801518,1143239.8286786387,1212457.5417660635,1194427.7259147328,1117214.8460047154,1158945.1868911772
2024-06-12,1213524.633771668,1141177.2566647837,1217299.5946930808,1194704.8591201466,1128036.7974459047,1157892.0188462634
2024-06-13,1208365.0422723393,1138902.4352231333,1218497.266186611,1191429.149513976,1134337.3442091574,1155944.5809748827
2024-06-14,1207681.4111306767,1135969.2659573862,1220000.4305428427,1189310.5980537098,1131458.1397246106,1154211.5388614803
2024-06-17,1214427.2796304326,1138240.2340817759,1229458.6307820242,1196152.2382400197,1136802.9577737483,1159862.82410271
2024-06-18,1221446.289731751,1135425.1923032114,1225828.2456997794,1198276.9430701893,1131340.9138321602,1161560.4646277379
2024-06-20,1237090.694936524,1145127.1897321055,1229327.5084771079,1207928.2089164418,1129613.9583090588,1170530.6195698578
2024-06-21,1239342.0322244267,1147389.4077611277,1229026.839155094,1206787.5548408192,1129257.8089925852,1170996.2147172932
2024-06-24,1241847.1947381597,1151508.6811108897,1234802.7409390372,1218083.0902221364,1134003.8685518373,1178799.2856123038
2024-06-25,1235253.8095071416,1146133.595646412,1231400.2312363547,1208170.7789962452,1120653.3350750194,1169854.6011199052
2024-06-26,1233502.2228524785,1148377.396656544,1231980.9384259146,1206810.4383552235,1129493.9707127265,1170322.4161689219
2024-06-27,1238238.529271851,1151152.1635480234,1230536.108437435,1207136.3365638417,1130082.3986521666,1171406.896509824
2024-06-28,1232758.2078073125,1154456.6412358591,1234866.9966887396,1209643.1563346547,1135431.8536867732,1170054.9764468442
2024-07-01,1231408.3203790288,1156017.1101003,1242144.4484785956,1212526.5236709279,1130055.2223609588,1171570.2345314336
2024-07-02,1239007.591268311,1160513.9442906687,1251041.6814917487,1215632.0581672352,1137224.2409064171,1176425.6266373235
2024-07-03,1243501.7562234502,1160368.7051396677,1249053.088493244,1215448.357765929,1134564.5697550704,1175712.2203712657
2024-07-05,1243496.8563592534,1165559.8578992197,1254975.6449803275,1216186.3116195363,1144824.3097981573,1177742.261948854
2024-07-08,1235182.5411355596,1161401.9651952097,1255142.171596424,1215538.5450675648,1147982.4611889943,1176812.5905340125
2024-07-09,1231276.4289682012,1155954.6608167002,1253466.8497513693,1214512.495091216,1148319.3960710242,1175232.7216297162
2024-07-10,1237137.191053162,1167758.4628796885,1269253.7572239798,1228840.2354362172,1167215.403111002,1188075.9038095614
2024-07-11,1238750.5177743535,1164536.0202336619,1259082.574153797,1231468.879376189,1168461.4033717487,1189044.7155943878
2024-07-12,1246254.221372376,1172081.1770634959,1263873.3669547003,1238890.131455199,1180144.0621458846,1196436.9878599423
2024-07-15,1259235.025266419,1177237.6084027598,1274905.947613613,1246896.522320525,1187079.209467839,1202742.6767199389
2024-07-16,1282269.8352487187,1199882.5104718516,1297426.8272961539,1274183.1773154896,1215793.7584661208,1224958.8675604379
2024-07-17,1285368.1015298467,1207580.9153600046,1304830.9246672553,1280902.7647788685,1226070.7534846636,1232244.9350608687
2024-07-18,1271317.9437844853,1193202.6541638682,1291167.928505161,1262927.1267020863,1208025.4787578764,1216301.0177197217
2024-07-19,1254914.54427887,1186430.4575200388,1271373.230815151,1251186.8057181996,1205524.6347896745,1205010.2477667206
2024-07-22,1267313.092832337,1188374.0599980662,1276827.0764057424,1256591.6024596852,1202712.4189144797,1208836.0728866127
2024-07-23,1264482.4024484258,1185676.8916058848,1280654.0374052313,1257495.1775138539,1196887.3985995078,1207120.673148935
2024-07-24,1237506.212400208,1169040.0119443247,1257981.1889555242,1240962.6097762745,1181626.770310479,1192039.362827491
2024-07-25,1239815.9763162236,1174710.4789967844,1248843.3629028585,1246469.2109267872,1179948.8286526806,1194468.0519943011
2024-07-26,1276910.1120889287,1203548.2308774302,1270600.286779621,1268687.1752329157,1191552.687877649,1214037.4191284012
2024-07-29,1269666.6621453862,1198645.9774365732,1272103.3713724401,1265035.866492277,1196357.2570200108,1212559.548859917
2024-07-30,1277013.0599343877,1199686.8679471323,1282805.7161619451,1275483.943109123,1202530.4245644696,1218643.2475617887
2024-07-31,1283413.2741372685,1200800.6412816355,1277827.9159214285,1278726.4872623365,1208650.8006831382,1221618.1493545112
2024-08-01,1260515.321775208,1186062.3273625681,1265289.1796428945,1258971.2791210096,1198362.2221047427,1206817.948675408
2024-08-02,1223688.6062066655,1179469.6812177012,1246515.7065183904,1235617.1169277113,1209413.9405141203,1188551.546932575
2024-08-05,1195785.2519509892,1147888.1053319285,1208181.1052728994,1204996.9796716287,1170932.4474755272,1157624.5791241857
2024-08-06,1210846.216771851,1150943.8932805369,1218116.2897754228,1216634.9406358316,1170911.8097338413,1166429.8771646668
2024-08-07,1206702.7803704839,1147351.3643155405,1214385.7799971302,1207930.872755201,1163652.6727718003,1159424.5687958016
2024-08-08,1233678.5832269292,1164950.094830067,1228348.034554341,1231869.3825894906,1176521.0516732347,1179854.4398849483
2024-08-09,1239490.406339417,1166633.2669759104,1233572.2249659088,1234029.7912370279,1176128.4857377196,1181381.3816620705
2024-08-12,1234559.4461038213,1165149.9005132029,1233919.7850950744,1228220.2383309915,1181500.516713587,1177178.1732733664
2024-08-13,1246739.972860108,1177745.713402302,1249694.7238367584,1242641.4094125344,1195124.6731898875,1189400.367195089
2024-08-14,1252829.6465203862,1181689.5016560862,1262638.295142987,1251266.9370347573,1203573.7013975694,1196661.081082723
2024-08-15,1278667.1878564458,1199286.7265248606,1277418.641803601,1267543.7614747598,1220019.5850811135,1213251.3402947888
2024-08-16,1283124.7160394292,1200065.1428914377,1278211.0569532898,1271769.1064149453,1224365.1997264652,1216143.7552182293
2024-08-19,1288813.5290505986,1203890.439926655,1285666.4346064117,1279690.312416227,1230245.326510258,1223225.591773185
2024-08-20,1286493.5748803716,1202494.9559140513,1286242.335707524,1274044.9578725412,1235714.9827244687,1221384.2418300027
2024-08-21,1284046.7739236455,1204049.55390218,1279226.738447049,1274550.3886720254,1239106.2180206599,1223044.8450497014
2024-08-22,1281174.0090692143,1198487.438892872,1272952.2578838852,1269479.5568639352,1233096.4388051012,1217729.5828057174
2024-08-23,1296752.874662171,1210413.406334431,1284798.163566449,1286145.194309385,1246930.4925128273,1231556.9992445325
2024-08-26,1305332.3504846196,1213483.246227772,1286248.3961075332,1287571.5039655282,1247868.1421722868,1233514.368254566
2024-08-27,1309892.8582589726,1213181.8020787546,1288208.364591458,1288010.8890229776,1249698.575317318,1233812.8865987812
2024-08-28,1302355.6736581426,1207236.2993626902,1286348.60568414,1282586.5708009317,1246414.3556507071,1229054.8196516903
2024-08-29,1313024.9676873784,1215107.8553777048,1296571.369563916,1290944.4703828408,1252648.1465542172,1236341.8218475236
2024-08-30,1318735.2777078252,1220505.3951726267,1301566.350252011,1297586.5192491128,1253944.1140156016,1243162.1773635934
2024-09-03,1292528.1692864995,1203598.9678464243,1288235.711483815,1271557.261137159,1245756.7849937272,1224433.9192549356
2024-09-04,1288768.9001290898,1204598.9153981516,1290609.1083143738,1274919.8551675393,1247315.8346788588,1225571.6772337877
2024-09-05,1279464.2223565679,1197045.511261494,1285621.6192930725,1266196.9626618936,1242367.0697703362,1219014.7889843343
2024-09-06,1260414.3545053105,1187410.8322224924,1272262.35143266,1252192.3188363626,1239344.0890417325,1206741.4204893177
2024-09-09,1278452.8914926152,1196763.6659436533,1287987.111830571,1268637.5229016854,1244290.8225032603,1221223.357383825
2024-09-10,1266945.0377175908,1202464.3369336436,1288057.9270370987,1261968.803049238,1251786.3577493557,1218452.8033735028
2024-09-11,1279033.7720468144,1203098.7806096384,1295343.7207506683,1267105.367469938,1249784.6609892708,1222184.1074208037
2024-09-12,1287875.1916177373,1210353.8570790598,1301826.1853216675,1275230.5912438943,1254451.7189208162,1229214.7694024656
2024-09-13,1296651.7216775517,1217471.21506551,1313837.6488188293,1284908.7014581277,1264869.1305553298,1238098.4650198424
2024-09-16,1310010.8974282842,1221051.8490529368,1318514.3167685058,1293122.6578103616,1256999.7852669612,1244926.88228376
2024-09-17,1316833.089528809,1220434.4570813486,1320311.958420325,1292830.6060582711,1248543.026331813,1244451.3559976718
2024-09-18,1308542.02474762,1218638.8681989023,1313841.1099420078,1289409.9745503976,1255336.6830685462,1241368.2632120948
2024-09-19,1336950.1550271611,1233723.34214452,1327652.5130353458,1309478.0733319833,1268722.6348646877,1256984.102466918
2024-09-20,1340475.304273377,1229495.8001485178,1324125.592937556,1308334.1466714456,1268812.8130955976,1258125.716064306
2024-09-23,1343152.8999688725,1228967.8287091563,1321148.8036709698,1309666.807886274,1269553.949040314,1259958.8874227153
2024-09-24,1350225.270375977,1230868.7478299448,1314701.109224406,1313883.109235914,1275075.2154673643,1262458.4966032
2024-09-25,1346184.8808114629,1225667.811069996,1314820.3834629925,1302418.0807134225,1271454.8829621698,1253680.7720770964
2024-09-26,1361938.8163354497,1234902.4219022105,1316594.3057957562,1313377.9454480722,1271871.5174934808,1261468.1868241131
2024-09-27,1366662.8447244267,1238608.2692303965,1320634.9471302899,1318321.9984380319,1278751.0445345812,1265592.5302882204
2024-09-30,1362962.8904245,1239959.534721882,1323697.2849388989,1316655.8324243142,1293180.6086820415,1266105.4443904138
2024-10-01,1358441.134099732,1233784.1773572275,1309380.7985440167,1311289.1985646798,1285244.3485738996,1260925.596142886
2024-10-02,1359715.4805734258,1236824.1346631357,1312048.385347453,1313589.3112660958,1291046.7224508866,1262108.5700118402
2024-10-03,1353181.890096436,1232608.5732884714,1306616.7732277783,1307421.098152311,1289148.739725407,1256577.2762929234
2024-10-04,1374618.559110413,1240150.664837391,1317647.969343272,1320209.79224983,1289065.138952884,1266781.4628403664
2024-10-07,1366220.4706475835,1228029.599152119,1296659.285984126,1310669.6271287515,1271848.2254541127,1254861.8765552456
2024-10-08,1364656.7755868535,1229955.2113080332,1301165.9298878582,1312433.1644002511,1282551.156087339,1258634.540874113
2024-10-09,1379364.0809762578,1238956.9983334849,1313756.9624539288,1324937.7891828134,1297509.610304905,1271544.6706121718
2024-10-10,1378741.5809533696,1239063.8369679758,1314578.7502747448,1322417.3726083352,1295278.5643545175,1269813.4978895746
2024-10-11,1395204.484349976,1244379.174049885,1326163.6945725353,1337631.1919137551,1296187.8562948343,1282068.8734980905
2024-10-14,1395455.7217767339,1249269.037872822,1336935.093494502,1343463.4548036172,1310905.0916402503,1288091.5833249404
2024-10-15,1388797.2425515752,1231876.9173512766,1316182.4535256298,1331736.5749093606,1290709.1614646518,1278376.8266577
2024-10-16,1407792.7073266606,1245431.5549550364,1328049.620445338,1344072.2045632913,1298344.0540370028,1288464.877301366
2024-10-17,1412959.8367669682,1244838.2910924265,1343330.664196101,1348722.2342759683,1294677.4329668656,1293290.9433389984
2024-10-18,1410196.557447205,1248683.620029957,1340554.281641093,1348186.4749089791,1301739.2748372862,1294393.416566401
2024-10-21,1397196.0814950566,1245771.6023068735,1331461.3414898785,1337806.7320615365,1296391.7639652614,1284095.059457143
2024-10-22,1392469.3686578374,1243477.72237447,1339748.8280640515,1338457.998745115,1293331.8170163874,1283894.3336194279
2024-10-23,1379463.2556283574,1233928.5777707407,1330399.4814129742,1325724.9087125375,1275499.2236581177,1271632.8824907949
2024-10-24,1372033.2981546025,1229438.9927678416,1327758.7886086376,1322355.0925256326,1275932.4647923913,1267427.8047112855
2024-10-25,1367018.25811554,1228623.9086728403,1324475.3005085858,1313130.84435478,1271786.3654921835,1259652.3073306524
2024-10-28,1381367.651159058,1235541.8862157175,1330905.9490929516,1321906.8416062905,1280338.2486828477,1267822.9471927476
2024-10-29,1377200.4770867925,1235486.8381696055,1330262.8369618328,1318660.3691236093,1271474.9026995285,1263201.2289375155
2024-10-30,1374514.4816567998,1233559.7989011118,1334972.6719952496,1314887.6531659677,1264901.8727512842,1260464.090287837
2024-10-31,1364804.0614907842,1216197.9815411875,1302981.0192967327,1301583.906187208,1259842.9102618243,1249155.6779591113
2024-11-01,1376238.83863617,1222110.243404896,1310380.4761067303,1310196.3590909555,1258368.9772444703,1257791.679294791
2024-11-04,1370306.070035706,1215771.6585049937,1298545.2804051312,1301144.5230275705,1252922.003216805,1250087.1019278325
2024-11-05,1383571.0969827275,1223470.4095120737,1314759.010976878,1315798.2139760568,1267195.408220422,1262867.075331075
2024-11-06,1462813.3271768193,1263474.7000813792,1372700.3391991528,1373782.4816171243,1276561.2225336595,1307973.2555604447
2024-11-07,1446899.441495667,1268461.56952718,1372034.9503136547,1370815.276378782,1296543.88822992,1307955.6131847198
2024-11-08,1449025.9964578252,1271076.524857075,1379755.6541443737,1379342.959835203,1310518.4134384426,1315721.7636113265
2024-11-11,1474947.26302887,1280136.553700001,1386782.0801030071,1391780.7410947396,1313836.4821174685,1324818.6866174284
2024-11-12,1472372.9719216924,1270609.4156384775,1380958.0131016644,1374822.4211522653,1302623.5504022713,1313388.5302125101
2024-11-13,1469732.566900025,1266367.0266805002,1378308.4756928356,1372945.1458398416,1303891.9240736028,1314800.6212920342
2024-11-14,1460371.4930932622,1259582.9749493906,1375910.369520274,1364637.621496351,1296743.0540095423,1308599.2678063563
2024-11-15,1453569.6618249516,1252977.416943104,1368506.2650319012,1358743.8117772653,1288643.9691388109,1299450.5860423339
2024-11-18,1451472.7902963262,1255582.2707181284,1368734.9126645,1357643.7938291146,1292505.0780481372,1297793.9552780965
2024-11-19,1446649.7696511846,1248647.8015370676,1361643.2772103222,1351027.3331185891,1286829.799237065,1294184.9794916145
2024-11-20,1443577.0932519536,1257090.9657254526,1370867.9545269879,1358571.005216749,1297300.3954483324,1298358.2776274348
2024-11-21,1465489.7753198247,1265062.9473805735,1377589.9697304638,1373819.24546829,1303638.9468785897,1312173.309352165
2024-11-22,1488946.3934915166,1273953.022953541,1389896.5448208721,1390531.9520818307,1312098.7694303233,1324919.8673947633
2024-11-25,1502849.59380127,1289334.5453877756,1403177.8182145031,1403922.1624604776,1332799.7255602595,1338082.1312176813
2024-11-26,1507041.5010507207,1296953.3750424692,1414755.4587307842,1406539.7855359628,1339141.3419531416,1341783.1745013224
2024-11-27,1494852.5108850102,1292324.7038503,1412733.5139771374,1402677.7885171487,1340354.2947716345,1337648.082040085
2024-11-29,1500602.6972940068,1296034.2545895884,1415458.1347485455,1408565.99852577,1347272.743398786,1343288.851958035
2024-12-02,1493507.4209878545,1298197.0907101939,1417829.6740094097,1404500.506513746,1347733.2045671712,1339440.9446592557
2024-12-03,1483682.248464356,1292426.9069753,1413726.8377304943,1401170.060135038,1353640.4849067621,1337153.7450090188
2024-12-04,1506631.0173471074,1309454.2127118418,1422688.3409062298,1411941.7024327829,1358444.1449831454,1346381.291697638
2024-12-05,1498139.1453683476,1295778.3736043284,1411767.2184410961,1402447.7980577066,1343031.6115393376,1338953.7346806345
2024-12-06,1503353.5894219975,1284542.4258809397,1401015.90973672,1396982.5992394998,1329992.4514071646,1335269.0485665395
2024-12-09,1486276.6802880864,1288226.27989629,1396025.6175061138,1392795.18363014,1339902.0233007234,1328072.945498612
2024-12-10,1483019.4312112432,1286598.5088849375,1398927.5522023113,1388681.7963773324,1340151.5560803148,1323463.7287943903
2024-12-11,1490200.400808106,1277337.7873044321,1388697.023538676,1385264.9938069894,1318486.8537299312,1320494.5520110088
2024-12-12,1484198.1242272954,1270882.910366566,1378604.6229496868,1378632.450426252,1305767.372428378,1313482.4671004743
2024-12-13,1480535.6876046758,1271508.0331425974,1380707.3105317028,1376192.5749360635,1310700.096045435,1310908.3159616296
2024-12-16,1488128.7682244878,1264628.0624966929,1376827.250543681,1372084.469267042,1299808.8676614102,1307600.8962794216
2024-12-17,1478748.912664185,1260582.9803929636,1369366.963340846,1360834.007957609,1295021.8513795524,1299597.450057472
2024-12-18,1432267.6280801396,1238670.787041218,1335967.5338326367,1325301.916664274,1277229.789890505,1266007.418210063
2024-12-19,1438676.8394067388,1237496.954594166,1338568.9076443585,1327230.389490278,1269014.0750765824,1266467.0546743067
2024-12-20,1459984.065335999,1251712.4289098093,1353692.3975678356,1343966.5008164956,1286889.7222845252,1281363.0616321792
2024-12-23,1458881.711530457,1254027.4829945872,1356278.33312234,1346225.3196679666,1288432.0215934352,1283357.7016213927
2024-12-24,1472783.8741662602,1262168.101379902,1369235.9282875927,1359241.4071084573,1300218.757494708,1295025.153821654
2024-12-26,1474327.0729272466,1263874.732693226,1372073.6286412152,1360217.7285214975,1304053.9259016588,1295885.6577767008
2024-12-27,1462568.8359353642,1254485.4205327341,1357860.6684876354,1350558.9499360635,1293965.9753486635,1285907.901190545
2024-12-30,1448572.8872201543,1242057.792057545,1344195.4753743084,1337574.4674970224,1280867.3159750276,1273391.0445431431
2024-12-31,1448281.9000833135,1240921.2276730845,1340246.3227406414,1336942.0117017343,1277029.7006321114,1272508.3415722838
2025-01-02,1442509.9531304936,1230794.2507939646,1335639.2455254467,1332647.6258317544,1266326.1312061553,1267963.5020139182
2025-01-03,1453999.2344567876,1238151.6118130991,1350528.9705220135,1342756.9555455758,1273359.672633058,1278128.7818652268
2025-01-06,1444703.502156983,1239374.8328633616,1353534.1973343762,1341967.206028135,1275762.235970039,1277363.9673520243
2025-01-07,1442058.0195977788,1237630.1472668955,1348152.5842572125,1339632.2259656503,1266470.5077459593,1272033.9836554488
2025-01-08,1444275.2572229009,1239320.822701008,1356250.8113175305,1342700.5849954202,1275325.7509049964,1275229.5904001174
2025-01-10,1414034.03520752,1221900.8818555186,1329489.7929898174,1318958.9967519357,1264359.319779551,1254389.6217030664
2025-01-13,1431972.6274392705,1236440.7767682383,1340996.4591313275,1332086.2941800668,1271082.073047121,1265117.5881867586
2025-01-14,1448732.9589364629,1242730.636097462,1347198.6625157269,1339733.3870297982,1271315.53277454,1271732.5443881005
2025-01-15,1467239.4551599126,1252589.3375401804,1376178.4078179272,1365535.4082795694,1289487.6835402783,1292767.5139135253
2025-01-16,1475050.5989129643,1241631.0549130747,1358742.2257100018,1364939.5050756051,1258219.5402864735,1290720.9983294657
2025-01-17,1490530.4543054204,1249282.2640652964,1365612.4584141644,1377068.7358838632,1261923.761077927,1300731.9366024148
2025-01-21,1518544.199964295,1265638.5932622263,1377754.13831338,1396487.4221765115,1268471.437057746,1316823.068469476
2025-01-22,1525693.294141541,1271932.3817906687,1400380.1826706799,1400304.6298524453,1262149.5741943708,1320738.9748587967
2025-01-23,1543137.3886239629,1286474.223042042,1408578.759012309,1415113.496091993,1273906.3045808962,1332952.522848045
2025-01-24,1537025.4608819585,1286339.8290868113,1403391.1447716625,1410492.8138734414,1275809.9558221963,1328740.551689941
2025-01-27,1541985.2200143437,1297429.849163563,1405045.86894044,1418394.6623136117,1307786.0391263082,1337394.429075196
2025-01-28,1543481.5542428594,1306863.5447240183,1417475.9093933972,1421833.3679467752,1315127.7594467795,1341485.3571786594
2025-01-29,1542838.6679360967,1302986.4168362925,1410484.1467379776,1417697.4694997384,1310761.3398719993,1337392.676521316
2025-01-30,1538024.8815515141,1291400.5293736765,1394540.1172929094,1422697.0041314675,1314949.2524961494,1342435.8255662092
2025-01-31,1528334.7799966435,1283370.2701268503,1387020.2836267783,1412091.138199003,1307653.6024541864,1332342.049913202
2025-02-03,1518854.5793206792,1276672.8170361826,1382729.3336263883,1406933.9643613412,1300513.6234044377,1328670.5663716688
2025-02-04,1524114.9468057256,1278557.3001866648,1383571.8372457768,1410266.9486543252,1307163.3276336615,1332682.3958766847
2025-02-05,1531919.2939202886,1281445.3249974558,1389747.2029531742,1422589.2968217446,1308684.2644197566,1342171.1899303393
2025-02-06,1516628.9537408452,1274029.24757436,1391441.7083700444,1419701.3021661355,1305744.2479090267,1338412.8965532873
2025-02-07,1502644.691381226,1262109.8807378123,1377039.283412769,1406957.2431985452,1288424.491401729,1325125.850894118
2025-02-10,1502163.6515023808,1266764.912987263,1373892.9473703648,1409523.1618272378,1305851.2432445968,1330121.2136365518
2025-02-11,1503960.5717675786,1268580.3213734934,1374695.31569083,1411317.4909631326,1315175.2495114491,1333807.3017937506
2025-02-12,1497049.556287537,1264645.7332387278,1368405.9048059727,1405942.1134301736,1311920.1472188875,1327074.8076455279
2025-02-13,1508105.7158258061,1273964.2912717173,1376700.4918373371,1413217.5809384896,1328050.1818383466,1337330.168766265
2025-02-14,1505532.7310540776,1268460.7475362131,1371887.6862772251,1411936.5873757913,1323240.3134051266,1332384.4617170962
2025-02-18,1522744.810193787,1263496.7688527415,1367325.3488024021,1414705.6292840554,1305080.0924163698,1332691.3923199351
2025-02-19,1517394.400228272,1272177.6691670725,1376713.2218340184,1416690.5119363382,1305825.9934515601,1334822.4978379325
2025-02-20,1494680.9226663213,1263544.9971051523,1361173.0485218312,1398835.2149602487,1292878.860665546,1321334.7263410485
2025-02-21,1470065.4326684575,1236880.8403897593,1325300.4629638935,1371298.2541715219,1263438.183417481,1298943.0464387052
2025-02-24,1467280.3631723027,1237884.7320370981,1325290.9022644307,1375145.3175946786,1261625.318290453,1299935.8097932243
2025-02-25,1468723.2111871343,1242408.4306111643,1323463.9828623082,1375271.6719857766,1280903.05705805,1304719.9313746635
2025-02-26,1471396.948728333,1233299.2654347727,1319921.8163889195,1367473.072246702,1259472.8187220362,1299095.635463185
2025-02-27,1464558.8228738408,1229915.7597928355,1316490.2999809529,1362284.9779416635,1261514.412172657,1293304.3795854112
